         1       1890         22       1936         73   1911.0791     45.6721 +28.88   0
         2        547         17        573         56    560.5123     39.4621 +47.36   0
         3        427         23        444         34    437.4200     28.4008 -19.43   0
         4       1418         17       1425         26   1421.6100     21.7785 +51.93   0
         5        670         18        683         26    677.6251     21.7420  -7.31   0
         6        193          9        215         23    204.2991     17.4164 -33.79   2
         7        203          1        218         10    209.6786      3.0185 -20.20  10
         8       1463         35       1478         51   1469.7736     42.9134 +32.64   0
         9       1164         13       1167         19   1165.5833     16.2878 +75.21   0
        10         22          9         28         15     24.8517     12.2418 +37.32   0
        11       1184          5       1189         10   1186.3656      7.1007 -13.65   0
        12        756          5        761         10    758.3480      7.6551 +67.34   0
        13        625          5        630         10    627.9399      7.5718 +23.91   0
        14       1164          7       1166          9   1165.1671      7.8182 -55.23   0
        15        437          6        439          9    438.1266      7.7504 -67.98   0
        16         58          3         65          9     61.6553      5.3881 -10.70   0
        17        174          6        179          8    176.7294      7.5747 -32.47   0
        18       1656          3       1661          7   1658.7296      4.5512  +9.88   0
        19        407          4        412          6    409.6887      4.9333 -15.00   0
        20        882          1        888          5    884.7288      2.7585 -22.15   8
        21       1101         19       1108         23   1103.8689     20.9436 -45.29   0
        22       1281         16       1283         18   1282.1808     17.1481 +34.70   0
        23        730        137        784        199    758.5071    170.0269 -81.39   0
        24        223         22        226         26    224.2759     23.6588 +78.20   0
        25        168         18        170         20    168.8387     19.1818 -55.46   0
        26        748         28        753         33    750.5633     30.6101 -50.89   0
        27        838         24        840         26    839.1586     24.8463 -56.93   0
        28        774         24        776         26    775.0124     25.0328 +35.69   0
        29       1637         31       1644         36   1640.1501     33.2411 -19.55   0
        30        186         25        189         27    187.5898     26.0908 -38.45   0
        31        955         30        959         34    957.1680     32.0794 +53.33   0
        32        630         29        632         32    630.9995     30.5085 +70.63   0
        33        377         36        383         42    380.3896     38.5104 -53.04   0
        34        807         32        811         36    809.0502     33.9058 +43.36   0
        35       1997         39       2005         46   2001.0280     42.5531 +33.70   0
        36        211         29        213         31    212.0202     29.9868 +43.58   0
        37        415         34        419         38    416.9795     36.2595 -42.35   0
        38        371         49        379         60    374.6644     54.8075 +55.08   0
        39       1707         35       1713         39   1709.6960     36.7106 -28.66   0
        40        201         35        208         39    204.2294     36.8079 -30.32   0
        41        235         33        240         36    237.1582     34.2628 -20.99   0
        42        388         38        391         43    389.4028     40.6060 +60.33   0
        43       1208         34       1211         37   1209.3445     35.2894 -58.06   0
        44       1237         44       1244         51   1240.3636     48.1122 +50.06   0
        45       1872         38       1877         42   1875.0518     39.7933 +22.07   0
        46       1268         34       1272         36   1270.0972     34.8078 -29.26   0
        47        993         40        998         44    995.4775     42.2035 -51.43   0
        48       1189         36       1191         38   1189.8340     37.1103 +34.96   0
        49        339         37        340         39    339.5059     38.0306 +71.78   0
        50        540         48        547         55    543.5906     51.0934 -74.28   0
        51        175         51        186         58    180.7282     54.4484 -23.95   0
        52       1564         50       1571         56   1567.8069     53.2288 +15.03   0
        53       1790         57       1797         66   1793.6176     62.3934 -87.93   0
        54       1110         41       1114         42   1111.9722     41.5140 -27.51   0
        55       1794         47       1797         49   1795.2460     48.2610 -23.28   0
        56        402         56        406         59    403.9161     57.6300 -34.88   0
        57        326         72        331         81    328.7308     76.5955 -87.03   0
        58       1676         66       1682         72   1678.7239     69.0748 +37.20   0
        59        871         73        880         82    875.3575     77.9605 +35.27   0
        60       2014         63       2018         67   2015.8528     64.9998 -20.88   0
        61       1824         62       1828         65   1825.7949     63.3192 -38.01   0
        62       1577         62       1583         65   1579.8632     63.7062  -7.07   0
        63       1068         60       1072         62   1070.1300     60.8144  +2.33   0
        64        487         67        491         72    488.9898     69.1174 +61.69   0
        65       1736         85       1750         98   1741.6403     91.9211 +36.63   0
        66          2         69          5         74      3.2686     71.4659 +62.89   0
        67       1751         75       1757         82   1753.8085     78.5523 +88.69   0
        68        363         67        365         69    363.9605     67.6840  -9.58   0
        69        576         94        588        109    581.2554    101.2061 +65.42   0
        70        972         73        977         77    974.6528     75.1235  +4.92   0
        71       1672         89       1679         99   1675.4357     94.3435 +85.35   0
        72        394         76        396         79    395.0015     77.6787 +57.72   0
        73        139         78        141         80    139.9120     78.8375 -53.43   0
        74       1905         83       1907         87   1906.2161     85.2250 +81.38   0
        75        943         81        946         84    944.3953     82.8334 -61.30   0
        76        899         77        902         78    900.7195     77.5595 -24.86   0
        77       1494         86       1501         91   1497.2637     88.7499 +11.58   0
        78        773         93        779        101    775.8990     95.8029 +76.31   0
        79        417         91        423         98    420.0702     94.5000 +46.95   0
        80       1525         89       1530         95   1526.6689     91.5810 -69.42   0
        81        532         87        535         90    533.4520     88.3694 -29.94   0
        82        178         87        181         90    179.3369     88.3786 +31.01   0
        83        402         88        404         90    403.0133     89.3151 -26.28   0
        84       1776         91       1780         94   1776.5044     93.5076 -33.02   2
        85       1442        108       1452        119   1446.9678    113.1891 -79.27   0
        86        598         93        600         96    598.6873     94.4448 -74.06   0
        87        852         95        854         98    853.0138     96.5102 +52.41   0
        88        810         96        813         99    811.6381     97.6446 +31.75   0
        89       1210        109       1219        118   1215.4561    113.3185 +38.07   0
        90       1599        102       1603        107   1601.2870    104.5041 +70.15   0
        91       1401         96       1404         98   1402.8228     97.2749 -12.48   0
        92         48        103         53        108     50.5001    105.3040 +26.64   0
        93       1724        106       1730        112   1727.1292    109.1289 +28.88   0
        94        996        100        999        103    997.3698    101.3845 -54.85   0
        95       1690         98       1692        100   1690.9961     98.7080 -17.99   0
        96        292         98        294        100    292.9629     99.1967 -47.51   0
        97        779        113        792        122    786.0258    116.4745 +11.81   0
        98        796        101        798        103    796.6883    101.9843 +65.24   0
        99        628        108        633        113    630.7283    110.6063 +43.59   0
       100       1964        150       1990        175   1976.6794    163.0386 -27.82   0
       101       1731        120       1742        129   1736.1233    125.0810 -33.16   0
       102       1992        113       1995        117   1993.4015    114.9366 +62.95   0
       103       1239        110       1243        111   1240.8171    110.5593  -5.06   0
       104       1216        153       1235        175   1224.4497    160.6245 +55.49   0
       105        825        133        836        145    830.5866    138.9022 -54.39   0
       106       1723        118       1726        122   1724.7539    120.0803 +48.86   0
       107        175        127        181        135    178.4112    131.5891 +61.69   0
       108        283        123        292        129    286.5588    125.9362 -17.32   0
       109        371        115        375        117    372.8385    116.0058 +14.92   0
       110       1749        150       1771        169   1757.3569    161.0928 -63.20   0
       111        560        120        564        124    562.2023    121.8346 +35.13   0
       112        115        123        121        128    118.1024    125.2918 -52.66   0
       113       1364        119       1368        122   1366.4733    120.0946 -15.74   0
       114       1337        119       1339        122   1338.0110    120.1632 +70.34   0
       115       1826        124       1830        129   1827.8522    126.5712 +45.24   0
       116       1777        139       1782        148   1779.5048    143.2330 +87.92   0
       117       1599        131       1604        136   1601.3146    133.8524 +49.87   0
       118       1661        128       1663        131   1662.3790    129.3700 +73.26   0
       119       1128        127       1130        129   1129.1086    127.8776 +34.20   0
       120       2007        128       2009        130   2007.9908    129.1676 +23.44   0
       121       1644        129       1646        131   1644.8320    129.8570 +35.75   0
       122       1864        135       1867        138   1865.4856    136.6204 +25.73   0
       123        483        145        488        151    485.7963    148.1754 +57.14   0
       124       1091        141       1095        145   1093.0126    142.8340 +27.97   0
       125       1136        139       1140        142   1137.7084    140.5672 -41.93   0
       126        185        137        187        139    185.9791    138.1674 +23.95   0
       127       1822        144       1826        149   1824.2975    146.7874 +89.87   0
       128        636        149        643        156    639.8311    152.4576 +49.36   0
       129       1470        145       1474        149   1472.0691    147.2462 -83.38   0
       130       1572        143       1574        145   1573.0198    144.2935 -22.72   0
       131        851        150        856        155    853.4282    152.4750 -19.96   0
       132       1696        147       1697        150   1696.3285    148.4778 +70.20   0
       133       1600        164       1610        175   1604.5566    169.1133 +58.01   0
       134       1198        155       1208        161   1201.8438    158.0242  -6.59   0
       135       1133        147       1134        149   1133.4989    148.0156 +70.11   0
       136          1        164          8        174      3.8121    169.0999 +48.45   8
       137        472        150        474        152    473.1316    150.8992 +35.82   0
       138        491        246        537        295    514.9045    270.9317 +33.77   0
       139       1732        156       1736        160   1733.6333    158.4666 +56.86   0
       140       1685        163       1691        170   1687.3741    165.2737 +39.50   0
       141       1656        155       1659        158   1657.8993    156.9001 -56.06   0
       142       1700        161       1705        171   1701.4951    162.9923 +50.30   2
       143       1780        157       1782        160   1781.0192    158.5096 +51.16   0
       144       1243        160       1247        164   1244.6156    161.8784 +44.75   0
       145       1357        173       1367        183   1361.6638    178.1693 +24.55   0
       146       1175        173       1185        183   1179.7861    177.2858 -39.90   0
       147       1634        159       1637        161   1635.6959    159.8776 -34.08   0
       148       1965        250       2012        297   1988.9910    273.8080 +34.06   0
       149       1180        164       1186        168   1182.5536    165.8146 -28.19   0
       150       1743        164       1745        168   1744.1603    165.8391 +70.20   0
       151       1821        169       1830        175   1824.8245    171.6808 -25.84   0
       152       1562        167       1565        171   1563.5211    169.0065 -76.31   0
       153       1732        164       1735        166   1733.8292    165.0455 -18.83   0
       154        847        167        850        170    848.4999    168.2476 -50.35   0
       155       1618        165       1621        167   1619.5316    166.2224 -19.52   0
       156       1198        165       1200        167   1198.7103    165.8523 -75.25   0
       157        617        172        622        177    619.5659    174.5457 -51.22   0
       158       1719        166       1721        168   1719.9786    167.3013 -19.34   0
       159       1782        167       1786        169   1783.9023    167.8093 -34.49   0
       160       1766        168       1767        170   1766.4954    168.9899 +70.26   0
       161       1709        173       1711        177   1709.5184    174.5030 +58.37   2
       162       1211        169       1213        171   1212.1664    170.1487 +32.10   0
       163       1676        170       1678        172   1677.2827    170.8667 +49.23   0
       164       1890        185       1899        194   1894.5564    189.1923 +63.08   0
       165        927        179        934        185    930.7184    182.0198  +1.36   0
       166       1245        177       1252        182   1248.8365    179.4228  +1.93   0
       167        176        176        179        180    177.8392    177.9942 +71.70   0
       168        228        174        230        177    228.8866    175.6397 -87.74   0
       169       1709        177       1712        181   1710.6096    179.2155 +83.83   2
       170       1726        175       1730        178   1727.9172    176.3491 -31.41   0
       171        786        173        788        174    786.9916    173.5127 -18.69   0
       172        969        224        987        250    978.8788    235.6872 +49.33   0
       173       1578        186       1586        193   1581.8472    189.7402 +29.72   0
       174       1413        247       1446        284   1428.4430    264.7618 +38.56   0
       175         83        181         85        184     83.8751    182.4931 -67.65   0
       176        802        179        805        181    803.4958    179.9861 +27.78   0
       177       1534        192       1545        200   1540.2581    196.0398 -26.38   0
       178        663        184        666        188    664.5274    185.8835 +54.60   0
       179        236        191        244        198    239.6791    194.5421 +61.13   0
       180       1734        184       1737        187   1735.3297    185.2981 -53.94   0
       181       1416        183       1418        185   1417.1472    183.8423 -57.33   0
       182       1861        185       1864        187   1862.3278    186.0551  -4.56   0
       183       1229        191       1232        195   1230.7693    192.5782 +54.71   0
       184       1749        187       1751        189   1749.8635    188.2964 +17.54   0
       185       1773        192       1776        196   1774.4702    193.8410 -80.24   0
       186        845        190        847        193    845.7255    191.6516 +89.90   0
       187       1161        188       1163        190   1161.8362    189.1557 -53.76   0
       188       1845        234       1860        258   1852.3710    246.7558 +53.52   0
       189       1290        208       1301        219   1295.6622    213.4644 +38.54   0
       190       1940        202       1948        210   1943.8350    206.3590 -15.74   0
       191       1480        196       1485        201   1482.6970    198.4785 +55.55   0
       192        417        190        418        192    417.4850    190.9387 +70.75   0
       193       1711        194       1715        198   1713.2584    196.1254 -76.71   0
       194        171        196        173        200    172.1030    198.1949 +64.10   0
       195       1702        195       1705        197   1703.5409    196.0185 +11.38   0
       196       1782        198       1783        201   1782.4418    199.7279 +64.10   0
       197       1700        204       1702        209   1701.1454    206.5885 +63.97   0
       198       1725        202       1733        206   1728.7820    203.7358 -25.87   0
       199        766        217        776        228    770.6992    222.1465 -62.90   0
       200       1726        214       1733        223   1729.9946    218.6228 +47.70   0
       201        843        202        844        205    843.5787    203.7023 +78.58   0
       202        287        213        298        221    291.9039    217.4545 -47.99   0
       203         36        211         43        218     39.8217    214.6170 -78.44   0
       204       1582        204       1585        207   1583.2632    205.6940 +83.67   0
       205       1566        213       1573        220   1569.3242    216.1832 -56.03   0
       206        443        207        445        210    444.0049    208.5323 +51.48   0
       207       1776        221       1784        230   1779.6478    225.9518 -79.23   0
       208       1827        226       1839        237   1832.1388    231.3738 +35.47   0
       209        398        210        400        213    399.0168    211.4849 +73.79   0
       210       1809        209       1811        211   1810.0128    210.2999 -17.35   0
       211       1174        214       1177        218   1175.4961    215.9342 +73.82   0
       212        129        213        131        216    129.7956    214.2882 +87.67   0
       213       1675        212       1677        214   1676.2850    213.1322 -77.69   0
       214       1092        212       1094        214   1093.0215    213.0174 -56.15   0
       215       1746        210       1748        211   1746.9639    210.4982 -18.43   0
       216        313        213        318        215    315.7394    213.7848 -13.30   0
       217        397        218        404        222    402.1407    220.1197 -44.91   2
       218        464        214        469        216    466.6486    214.9239 -23.49   0
       219       1163        220       1166        224   1164.3333    222.0413 +72.64   0
       220       1639        217       1641        219   1640.1798    217.8032 -57.70   0
       221       1741        224       1743        227   1741.7256    225.7358 +75.93   0
       222       1476        223       1479        225   1477.6260    224.0860 -29.95   0
       223        127        223        131        225    128.7932    224.0565 -12.48   0
       224         54        236         62        244     58.1454    239.4628 -82.02   0
       225       2024        229       2028        233   2026.1904    230.6661 -70.42   0
       226       1849        225       1852        227   1850.2777    226.2305  -1.27   0
       227       1719        235       1724        238   1721.9236    236.8240 -37.09   0
       228        402        237        405        239    403.5576    238.1554 -28.07   0
       229       2041        257       2048        268   2044.8479    261.6433 +58.64   8
       230       1319        261       1330        270   1325.4141    265.3675 +25.20   0
       231       1657        249       1660        252   1658.6754    250.4923 -45.84   0
       232        647        261        652        269    649.4244    264.5749 +72.03   0
       233       1348        256       1354        261   1351.0543    258.5959  -1.27   0
       234       1686        253       1689        256   1687.6635    254.6865 +34.66   0
       235       1408        263       1413        270   1409.5106    266.4976 +55.72   2
       236        776        255        779        258    777.5067    256.3813  -7.33   0
       237        978        253        982        255    980.0771    254.1870  -6.61   0
       238        229        264        232        271    230.5010    267.3264 +84.75   0
       239       1654        255       1657        257   1655.1213    256.1116  -8.94   0
       240       1542        255       1545        257   1543.9226    255.7493 +12.12   0
       241        423        259        426        262    424.6261    260.3831 -45.91   0
       242        277        270        285        278    281.1081    274.2000 -46.17   0
       243         12        268         18        275     15.3343    271.6634 -84.53   0
       244       1399        258       1402        260   1400.6196    258.8770  -6.36   0
       245        796        268        799        274    797.4385    271.1551 +66.25   0
       246        401        267        403        271    402.3674    268.8322 +58.03   0
       247        452        263        454        265    453.0030    263.9833 -55.70   0
       248        771        270        773        274    772.0984    271.8697 +80.83   0
       249        346        266        350        268    347.8377    267.0811 -26.98   0
       250       1188        280       1191        287   1189.2289    282.8432 +80.50   0
       251       1579        268       1582        269   1580.5026    268.4920 -32.77   0
       252       1862        296       1875        313   1867.9805    303.5228 +68.59   0
       253        431        272        433        274    431.8905    273.1149 +35.63   0
       254        962        279        969        284    964.9810    281.4297  -3.84   0
       255        313        279        318        283    315.7145    280.8987 -54.26   0
       256       1690        277       1694        278   1691.8801    277.2782 -22.76   0
       257       1844        280       1848        282   1846.1306    280.8364  +3.55   0
       258       1484        286       1488        291   1485.7710    288.5413 -87.21   0
       259       1750        283       1753        286   1751.5205    284.6453 -56.34   0
       260       1289        295       1297        302   1293.4800    298.2258 -35.76   0
       261        655        294        661        300    658.3430    296.7551 +12.77   2
       262       1421        286       1426        288   1423.5679    287.2151 -26.61   0
       263        650        297        658        304    653.9586    301.0060 +36.75   2
       264       1922        308       1937        320   1928.2125    313.5980 +17.64   0
       265        472        289        474        291    473.0076    290.0146 -55.74   0
       266       1951        294       1956        298   1953.5096    295.7962 -42.16   0
       267       1995        298       1999        303   1996.7957    300.7041 +58.13   0
       268       1844        294       1848        297   1845.7358    295.2753 -32.52   0
       269        982        296        986        298    984.0435    297.3170  -9.45   0
       270       1682        297       1686        299   1684.1279    298.0995 -12.95   0
       271       1451        296       1453        297   1452.0016    296.5114 -19.22   0
       272       1009        311       1016        319   1012.3936    315.1027 +86.99   0
       273       1786        307       1793        313   1789.9569    310.2522  -2.85   0
       274        946        300        948        302    947.2971    300.9764 +76.54   0
       275         45        303         49        306     46.5685    304.5567 -14.21   0
       276       1223        308       1227        312   1225.3713    309.8853 +41.55   0
       277        504        319        513        328    508.5372    323.0195 +75.01   0
       278        400        307        404        310    402.3441    308.3167 -34.07   0
       279        143        316        155        323    150.4212    319.8021 -30.01   0
       280       1220        323       1229        331   1225.0900    326.8875 +17.46   0
       281        234        323        241        330    237.6473    326.6117 -51.06   0
       282       1976        319       1981        324   1978.7363    320.6429 +31.50   0
       283       2016        320       2020        325   2017.7007    322.3213 -87.60   0
       284          2        321          4        323      3.0580    321.8509 +32.37   0
       285        547        324        551        327    548.6569    325.4591 +25.23   0
       286       1509        324       1511        326   1509.8531    324.8610 -57.31   0
       287        763        325        766        327    764.5366    325.9906 -20.56   0
       288       1602        334       1610        340   1605.6426    337.0222 +22.57   0
       289       1738        329       1740        331   1739.1270    329.8898 +32.93   0
       290        575        337        578        342    576.3356    339.2052 +57.51   0
       291        369        338        373        343    371.2155    340.7109 +77.02   0
       292        358        330        360        331    358.9593    330.5157 -19.18   0
       293       1226        343       1237        350   1231.5222    346.3690 -22.34   0
       294         65        340         69        345     66.9951    343.0601 -71.63   0
       295        251        338        254        340    252.4891    338.9717 -20.54   0
       296       1901        353       1909        362   1905.1890    357.4264 -67.02   0
       297        122        349        129        356    125.3378    352.1422 +26.93   0
       298       1400        352       1406        360   1403.3406    355.9412 +70.79   0
       299        611        342        613        345    611.9752    343.4908 +50.17   0
       300       1950        359       1961        370   1956.2958    363.8604 -21.72   2
       301       1941        359       1951        370   1945.7979    364.3912 -50.19   2
       302        997        348       1001        351    998.9668    349.5775 -18.87   0
       303       1480        345       1483        346   1481.5048    345.5016 -18.80   0
       304        710        364        719        374    714.4093    368.4983 +85.72   0
       305        823        356        828        362    825.5529    359.1793 +48.18   0
       306       1773        357       1778        362   1775.8623    359.5257 +47.68   0
       307       2037        394       2048        416   2044.2200    404.5319 -85.35   8
       308       1593        355       1595        357   1593.8799    356.1520 +34.00   0
       309        693        362        697        367    695.0380    364.5056 +54.24   0
       310       1692        366       1696        372   1694.0970    369.1358 +75.32   0
       311       1559        360       1561        363   1559.7418    361.5064 +70.66   0
       312       1506        371       1513        378   1509.3621    374.8965 +17.07   0
       313       1279        369       1282        375   1280.4677    370.9896 +61.57   0
       314        185        361        186        363    185.4985    361.9927 +71.87   0
       315        502        369        506        374    504.1173    371.2325 +57.93   0
       316       1554        363       1556        365   1554.8229    363.7941 +31.56   0
       317       1456        368       1459        372   1457.2697    370.0740 +49.84   0
       318        950        364        951        366    950.4866    365.0258 +71.76   0
       319       1969        376       1976        382   1973.0155    378.6328 -59.13   0
       320        982        374        985        378    983.5406    376.0055 +72.23   0
       321         20        380         25        386     22.8036    382.7126 +76.73   0
       322        206        373        208        375    206.8353    373.8285 +35.57   0
       323        171        374        173        376    172.2885    375.0282 +70.33   0
       324        223        384        224        389    223.6000    386.9567 +76.31   0
       325       1930        379       1932        381   1930.9929    380.3067 -18.06   0
       326       1611        380       1614        382   1612.1156    380.9761 -16.41   0
       327       1205        380       1207        382   1206.3444    380.6503 +33.78   0
       328       1399        385       1405        389   1401.9899    386.9658 -15.84   0
       329        897        991       1067       1298    987.7216   1169.6029 +57.38   0
       330        778        410        805        426    791.6898    417.5403 -18.70   0
       331        402        385        403        388    402.3421    386.5184 +70.92   0
       332          1        404          7        416      3.0817    409.7974 +73.20   8
       333        539        400        551        410    545.2967    405.7679 -15.08   0
       334       1903        390       1904        395   1903.5417    392.2701 +68.57   0
       335         14        410         23        423     17.9545    416.1534 -87.84   0
       336       1689        394       1695        399   1692.5387    396.5944 +26.46   0
       337        153        388        155        390    153.8390    388.8848 -56.27   0
       338       1596        426       1608        445   1601.0653    434.3155 +74.48   0
       339       1664        413       1674        425   1669.2480    420.1715 -52.38   0
       340        131        393        134        395    132.5258    394.3539 -24.32   0
       341       1994        411       2005        421   1999.2762    415.9410 -43.08   0
       342       1401        402       1407        406   1403.6060    403.8991 -36.60   0
       343        302        401        303        404    302.4326    402.7283 +64.82   0
       344        453        410        458        416    455.4608    412.9635 +47.06   0
       345        204        404        206        406    204.7980    404.8246 +31.95   0
       346       1735        409       1738        413   1736.4767    411.2345 +73.88   0
       347       1160        409       1162        412   1160.9105    410.2959 +54.79   0
       348       1724        407       1726        409   1724.6396    408.1321 +14.13   0
       349        186        408        190        410    187.8788    409.2185 -12.83   0
       350       1188        411       1190        413   1188.8120    411.8064 +29.29   0
       351         81        414         84        417     82.4261    415.6719  -0.26   0
       352        814        432        823        443    818.1692    438.1258 -83.12   0
       353       1778        414       1780        416   1779.1920    414.8136 -54.03   0
       354       1242        417       1245        420   1243.6617    418.5048 +40.00   0
       355        197        415        199        417    198.2790    415.9686 +78.19   0
       356        660        416        663        418    661.4520    417.0227 -20.09   0
       357       1947        431       1957        440   1952.4357    435.7873 -48.28   0
       358         34        417         36        419     35.0140    418.0187 +34.18   0
       359       1090        426       1095        432   1092.2305    428.5804 +45.88   0
       360        153        434        160        442    156.6475    438.2216 +34.18   2
       361        778        432        783        438    780.4374    435.3788 +42.79   0
       362        876        427        878        429    877.3013    428.0607 +71.04   0
       363        158        442        164        450    160.6296    445.7835 +61.05   2
       364        283        432        286        435    284.5204    433.5569 -50.46   0
       365        519        441        525        448    522.1949    444.9499 -78.62   0
       366        382        432        384        434    382.8389    432.8926 -61.08   0
       367       1072        433       1077        435   1074.0068    433.9974 -15.71   0
       368        454        442        456        445    454.6050    443.7750 +59.21   0
       369        198        445        200        447    198.6897    445.9394 +64.87   0
       370       1492        454       1500        460   1495.5955    456.9285  -5.99   0
       371       1693        457       1698        464   1695.3544    460.4077 +83.39   0
       372       2004        450       2010        453   2007.7206    451.0446  -5.07   0
       373       1397        456       1400        461   1398.7181    458.2847 +54.01   0
       374        130        453        132        456    130.9983    454.4663 -79.44   0
       375        342        467        350        476    346.4725    470.9206 +45.97   0
       376        323        457        327        461    324.8184    459.0952 +38.20   0
       377        674        470        683        480    679.3021    475.2664 +46.72   0
       378       1544        471       1552        480   1547.9364    475.2206 +42.14   0
       379         61        455         63        456     61.9521    455.5074 -17.98   0
       380        294        468        299        473    296.5215    470.4274 -43.60   0
       381       1258        463       1261        465   1259.3300    463.9122  +3.51   0
       382        661        480        670        490    665.3116    484.6982 +81.03   0
       383        925        470        929        475    926.6978    472.5626 +46.58   0
       384        556        493        572        509    562.2639    500.8627 +76.18   2
       385        328        482        340        492    332.8673    486.9248 -18.98   0
       386        171        474        173        480    171.9890    476.8727 +68.76   0
       387        334        472        338        477    336.0089    474.4152 +77.73   0
       388       1631        473       1636        478   1633.3492    475.4316 +49.68   0
       389       1815        493       1821        506   1817.5334    500.8474 +65.38   0
       390        150        489        160        500    155.0410    494.1613 +86.73   0
       391        977        482        984        489    980.6944    485.7960 +19.36   0
       392       1364        491       1378        502   1370.1508    496.6829 -20.36   0
       393       1670        473       1673        475   1671.4878    473.9954  +9.43   0
       394        845        481        849        486    847.2595    483.4995 +38.90   0
       395       2011        475       2014        477   2012.5159    475.9913 +11.37   0
       396        470        994        481       1005    474.5423    998.6577 +74.44   0
       397       1595       1479       1612       1489   1603.5674   1484.9263 -21.31   8
       398        808       1330       1043       1489    910.5847   1455.5665 -15.22   8
       399        220       1476        227       1482    223.0802   1478.9849 +37.13   0
       400        267       1468        276       1477    271.6926   1472.9594 -52.28   0
       401        584       1422        593       1432    588.8416   1426.9355 +44.80   2
       402        358       1429        369       1441    363.2437   1435.4131 +63.53   0
       403        126       1438        129       1441    127.6094   1439.6272 +35.74   0
       404         22       1432         24       1435     23.0366   1433.6346 +86.68   0
       405        735       1429        738       1433    736.3596   1431.1893 +52.75   0
       406        713       1432        716       1433    714.7259   1432.4307 -11.05   0
       407       1254       1422       1261       1432   1257.4352   1427.9733 -68.41   0
       408       2037       1330       2042       1337   2039.4967   1333.7406 +58.62   0
       409        886       1335        888       1337    887.0038   1336.0186 +34.55   0
       410        725       1333        728       1337    726.3983   1334.7598 +47.66   0
       411        563       1326        570       1333    566.3945   1329.5121 -59.23   0
       412       1283       1320       1290       1329   1286.4277   1324.6420 +69.23   0
       413        879       1319        890       1328    885.1356   1323.1788 +24.44   0
       414        925       1320        929       1325    926.8353   1322.1980 +56.05   0
       415       2021       1015       2027       1022   2023.6311   1018.3109 -71.69   0
       416       1737       1015       1745       1022   1741.0803   1018.4091 +36.13   0
       417       1778        999       1781       1003   1779.3079   1001.0530 -62.95   0
       418       1058       1001       1060       1003   1059.3143   1001.8624 +49.54   0
       419        506        991        519       1003    512.8127    997.0326 -54.80   0
       420        757        999        761       1002    759.2832   1000.4055 -40.50   0
       421        391        990        396       1000    393.3216    994.5464 +80.06   0
       422        372        992        374        996    373.0290    994.1323 +64.50   0
       423        912        988        918        995    915.5850    991.3516 +54.70   0
       424       1244        991       1246        993   1245.0029    991.7213 -20.42   0
       425       1988       1227       2005       1240   1999.5713   1232.3073 -41.07   2
       426        167        986        175        993    171.2722    989.6620 -14.01   0
       427       1733        986       1738        992   1735.2880    989.2860 +73.21   0
       428        668        987        671        991    669.4451    989.1422 +49.77   0
       429       1849        980       1858        990   1853.3043    984.7338 +74.49   0
       430       1641        987       1645        990   1643.1426    988.7731 +15.43   0
       431       1119        977       1132        990   1126.0922    982.8745 -41.57   0
       432       1831        982       1834        986   1832.1088    983.9408 +56.27   0
       433       1905        982       1909        985   1907.0266    983.1268  -0.35   0
       434        969        980        973        984    970.8379    981.8273  -7.45   0
       435        798        981        801        984    799.8106    982.3967 -50.18   0
       436         72        975         80        984     75.8262    979.8151 +78.75   0
       437        690        980        693        983    691.6246    981.6130 +32.21   0
       438        189        980        192        982    190.4960    980.7900 -17.55   0
       439       1696        976       1701        981   1698.4979    978.0551 -85.29   0
       440       1043        979       1045        981   1044.0021    979.7035 -15.66   0
       441        230        970        236        980    233.0614    975.1075 -82.62   0
       442        401        977        403        979    402.1608    978.0637 -57.99   0
       443        102        973        110        978    107.3466    976.5905  -1.87   2
       444       1172        975       1174        977   1172.8511    975.9648 -66.24   0
       445        552        975        554        977    552.9794    975.9846 +33.51   0
       446       1357        974       1359        976   1358.0216    974.9834 -55.25   0
       447       1383        970       1387        974   1385.2628    971.8269 -61.25   0
       448       1783        968       1787        973   1785.0170    970.3055 -86.74   0
       449       1148        961       1155        971   1151.3566    966.2017 +61.37   0
       450        497        964        500        969    498.3631    966.5977 +78.03   0
       451       1605        958       1613        968   1608.9453    962.7146 +70.83   0
       452        835        965        839        968    837.0563    966.5945 -17.38   0
       453       1925        965       1927        967   1925.6854    966.0022 +68.87   0
       454         57        956         65        963     60.5819    958.9613 +31.03   0
       455        518        950        527        962    522.3395    956.0487 +44.67   0
       456       1846        943       1854        952   1850.1243    947.1516 +79.05   0
       457       1305        945       1311        952   1308.1111    948.3730 +72.22   0
       458       1254        941       1266        952   1260.1465    946.5806 -37.15   0
       459       1961        947       1966        951   1963.5669    948.6539 +25.02   0
       460        558        943        565        950    561.7385    946.7209 +10.86   0
       461        494        943        502        950    498.2903    946.3954 -44.44   0
       462       1991        944       1994        948   1992.4771    946.2106 +69.49   0
       463       1864        945       1867        948   1865.5864    946.6129 +31.77   0
       464       1134        942       1136        944   1134.8630    942.8707 -57.33   0
       465        593        941        596        944    594.4932    942.6881 -60.67   0
       466       1552        941       1553        943   1552.4894    942.0047 +71.37   0
       467        353        937        357        941    355.0181    938.6738 -15.83   0
       468       1755        937       1757        939   1756.1198    938.1177 -53.42   0
       469        640        936        643        939    641.0215    937.3570 +31.75   0
       470       1891        933       1896        938   1893.8804    935.7451  -1.29   0
       471        481        935        484        938    482.8810    936.8701 +34.09   0
       472       1476        929       1484        936   1480.3262    932.7584 -40.96   0
       473        358        931        367        936    364.5428    932.2748 -37.92   2
       474        519        929        525        932    522.6263    930.4017  -3.03   0
       475        172        930        174        932    172.9930    930.6729 -18.99   0
       476         54        928         58        930     55.9440    928.9910  -0.79   0
       477       1998        923       2006        929   2001.9023    925.8792  -1.62   0
       478        584        913        601        928    592.1352    920.8129 -23.64   0
       479       1690        926       1693        927   1691.3188    926.4249 -26.03   0
       480       1047        921       1053        927   1049.6816    923.9406 -65.70   0
       481        174        917        182        924    177.8762    920.5734 -51.88   0
       482         93        911         99        921     96.1672    915.5784 +78.60   0
       483        990        915        994        919    992.2789    916.9382 +36.12   0
       484       1404        908       1409        916   1406.3884    911.4407 -82.29   0
       485       1951        913       1954        915   1952.3677    914.0946 -34.71   0
       486         49        907         57        915     52.8698    912.3495 -35.67   0
       487       1503        905       1509        911   1506.3093    907.8469  -6.59   0
       488         20        905         27        911     23.3129    907.9146  +9.64   0
       489       1795        905       1799        910   1797.0791    907.8227 +50.10   0
       490       1696        908       1698        910   1697.1569    909.1613 +30.99   0
       491       2014        898       2029        908   2021.6360    902.7053 -37.20   0
       492        850        903        855        908    852.5527    905.1100 -41.43   0
       493        896        905        899        907    897.4858    906.1252 +26.17   0
       494       1222        903       1225        906   1223.4216    904.4240 +34.51   0
       495       1394        902       1396        904   1394.8063    902.8018 +33.03   0
       496        688        899        690        902    689.0134    900.5486 +73.40   0
       497       1828        898       1832        901   1830.1117    899.2188  -8.38   0
       498       1169        895       1172        899   1170.4675    896.8729 +61.22   0
       499        166        896        168        899    167.1461    897.0650 +63.94   0
       500       1552        893       1555        897   1553.5469    895.1588 +88.40   0
       501       1896        888       1902        896   1898.7535    892.2021 +77.71   0
       502        498        892        500        894    498.8615    892.7037 -41.59   0
       503        297        893        300        894    298.4835    893.5209  -0.27   0
       504       1739        890       1742        892   1740.6882    891.1275  +2.66   0
       505       1371        885       1375        892   1373.2292    887.9658 +75.30   0
       506       1307        888       1310        891   1308.6945    889.2852 +29.64   0
       507        887        887        891        890    889.0093    888.5491 -18.63   0
       508        553        881        563        890    558.8116    885.7181 -48.00   0
       509        710        883        715        888    712.6659    885.2347 -40.07   0
       510        609        884        611        888    610.0079    885.9962 +80.86   0
       511        522        882        528        888    524.8725    885.3681 +38.22   0
       512         36        886         40        888     38.1799    887.0721 -23.47   0
       513       1717        885       1719        887   1717.8569    886.2927 +16.21   0
       514       1855        883       1857        886   1856.0343    884.5286 +51.39   0
       515        774        866        796        886    783.2260    875.6116 +73.55   0
       516       1943        879       1948        885   1945.5837    882.1982 +45.44   0
       517       1270        873       1282        883   1274.0707    878.4467 +18.16   0
       518        695        872        702        880    698.5093    876.2168 -85.67   0
       519        316        878        318        880    316.7067    878.8478 -72.21   0
       520       1176        874       1181        879   1178.6476    876.3633 +17.21   0
       521        351        878        354        879    352.7112    878.4198 -11.61   0
       522       1842        870       1848        877   1845.0615    873.5371 +52.70   0
       523        246        873        249        875    247.7991    873.9863 -20.35   0
       524        278        873        280        874    279.0470    873.5051 -18.02   0
       525        168        872        171        874    169.4735    872.9835 -19.87   0
       526        958        864        964        873    960.7455    867.9192 +44.90   0
       527       1627        869       1631        872   1628.7964    870.4509 -29.84   0
       528        353        867        359        872    355.8998    869.3837 -56.44   0
       529       1209        869       1211        871   1210.0022    869.8265 +24.68   0
       530       1231        862       1237        870   1233.6863    865.6318 +48.97   0
       531        253        863        267        870    258.3785    866.3777 -13.80   0
       532       1546        867       1548        869   1547.1161    867.8715 +32.23   0
       533       1072        860       1079        869   1075.7050    864.3777 +89.11   0
       534       1049        866       1051        869   1050.1246    867.1384 +61.10   0
       535        375        864        381        869    379.8941    866.7848 +19.68   2
       536        289        862        297        868    292.3696    865.4379 -23.48   0
       537        130        860        135        868    132.4129    863.3917 +53.98   0
       538       1486        862       1490        866   1487.9143    864.0051 +49.87   0
       539        328        860        339        866    333.4784    863.2277 -24.69   0
       540       1661        860       1668        865   1664.8209    862.4897  -8.23   0
       541         15        853         26        865     20.8963    860.6212 +25.21   0
       542       1032        860       1037        864   1034.5369    861.7535 -21.75   0
       543        731        862        733        864    732.2932    863.0175 +73.79   0
       544       1634        861       1636        863   1634.8914    862.1458 +33.41   0
       545       1279        858       1281        863   1280.0195    860.7203 +56.79   0
       546       1085        853       1092        863   1088.3182    858.2032 +75.68   0
       547        906        860        911        863    908.2811    861.6619  -7.90   0
       548       1755        858       1762        862   1758.2800    859.7885 -13.23   0
       549        581        857        584        862    582.4139    859.6241 +57.93   0
       550       1624        855       1630        861   1626.7765    858.1580 +63.14   0
       551        919        860        922        861    920.4956    860.5035 -32.81   0
       552        401        858        404        861    402.3621    859.3104 +38.17   0
       553       1016        855       1019        860   1018.0056    857.0012 +61.77   0
       554        900        852        904        855    901.9344    853.8025 +10.16   0
       555        759        852        762        854    760.7150    853.1896  +1.67   0
       556        466        852        468        854    467.3209    853.6490 +44.93   2
       557        463        851        466        853    464.3236    851.6665  -1.58   2
       558       1673        844       1682        853   1677.4725    848.1650 +45.87   0
       559       1063        851       1065        853   1064.1293    851.8806 +34.61   0
       560        829        850        831        853    830.4170    851.7104 +86.23   0
       561        555        845        563        853    558.9839    849.3020 -48.37   0
       562        212        847        221        853    216.6467    849.5976 -27.05   0
       563       1840        848       1844        852   1841.7205    849.8054 -33.48   0
       564       1287        839       1294        852   1290.9293    845.4909 +72.91   2
       565       1279        824       1293        841   1286.3740    831.7488 -64.49   2
       566       1003        843       1017        848   1010.1788    845.7136 -31.28   0
       567        480        846        482        848    480.9799    847.0229 -55.15   0
       568       1767        844       1769        847   1767.9904    845.3206 +87.64   0
       569        229        838        236        847    232.6435    842.5664 +46.45   0
       570        840        840        847        846    843.9941    842.8471 +23.70   0
       571        370        841        372        843    371.1729    841.8123 -55.50   0
       572        220        838        225        843    222.3683    840.7040 -20.95   0
       573       1958        839       1961        842   1959.5326    840.3887  -2.98   0
       574       1059        839       1061        841   1059.9922    840.2902 -20.36   0
       575       1654        832       1659        840   1656.4458    835.8380 +65.66   0
       576       1140        833       1145        840   1142.5186    836.4814 -83.11   0
       577       1928        832       1932        837   1930.0734    833.9911 +69.92   0
       578       1256        830       1262        836   1258.9551    833.0916 +35.49   0
       579       1484        833       1486        835   1485.0038    833.6980 -20.51   0
       580        706        831        708        834    707.1199    832.8726 +83.26   0
       581        499        831        504        834    501.5147    832.5944 -24.42   0
       582       1012        829       1015        832   1013.2789    830.7734 +40.56   0
       583        486        826        490        831    487.9488    828.5122 -70.42   0
       584        479        820        486        827    482.9039    822.8717 -61.44   0
       585       1012        817       1020        824   1016.0923    821.0453 -34.04   0
       586        827        820        829        823    827.7476    821.9313 +50.15   0
       587        359        819        361        822    360.0814    820.3510 +59.58   0
       588        207        814        214        822    210.6830    818.6462 +44.39   0
       589        401        811        412        821    407.3608    817.4072 +46.67   0
       590       1710        813       1719        820   1716.8025    818.6274 +70.57   2
       591        818        814        822        819    820.0217    816.7332 +50.46   0
       592       1652        813       1654        820   1652.9530    817.6021 +69.82   0
       593       1861        811       1865        816   1862.8960    813.2527 +70.64   0
       594       1639        808       1645        815   1642.1261    811.4705 +71.33   0
       595        694        804        702        813    697.8898    808.0656 -60.46   0
       596       1810        810       1814        812   1812.1322    810.8090 -29.46   0
       597        576        808        580        812    577.9039    809.7390 -32.40   0
       598        464        808        468        811    466.1278    809.5007  +6.98   0
       599       1324        804       1327        808   1325.3528    805.9758 +72.39   0
       600        670        797        684        807    679.5226    802.4985 -22.94   0
       601        641        804        644        807    642.3034    805.3984 +32.49   0
       602        266        800        272        805    268.9722    802.9593 -42.81   0
       603       1928        796       1936        804   1931.9573    800.2908 -55.21   0
       604        650        797        657        804    653.9160    800.5979 +41.22   0
       605        396        795        398        797    397.3381    795.6435 +34.03   0
       606        311        791        315        797    313.1820    793.9689 +85.40   0
       607       1757        791       1761        795   1758.9226    792.4678 +86.86   0
       608        871        792        874        794    872.5764    792.6520 -13.45   0
       609         34        791         38        794     36.1500    792.4651 -29.76   0
       610       1513        791       1516        793   1514.3392    791.9044  +2.45   0
       611       1951        786       1958        790   1954.8561    788.3494 -21.31   0
       612       1556        779       1568        790   1561.6061    784.3896 -37.61   0
       613        171        782        176        789    173.4035    785.6015 +65.16   0
       614        144        781        155        788    149.0348    784.2415 -17.74   0
       615        902        768        924        786    913.5848    778.2965 -33.47   0
       616       1118        774       1124        780   1121.2457    777.2748 +44.29   0
       617        351        776        354        780    352.2951    777.6640 +75.69   0
       618        860        773        863        777    861.1670    774.5734 -81.64   0
       619       1597        780       1599        782   1598.1803    780.8207 -56.48   0
       620        264        773        268        776    266.3451    774.6724 -45.44   0
       621        804        773        809        775    806.1061    774.2125 -13.56   0
       622        514        771        516        775    515.0873    773.1210 +62.31   0
       623         44        766         52        773     48.6906    768.9862  -1.99   0
       624       1379        765       1383        772   1381.2339    768.2975 +73.15   0
       625        856        766        858        768    857.3249    766.8395  +6.57   0
       626       1916        761       1922        767   1919.2917    764.0427 +28.23   0
       627        372        758        381        767    377.1878    762.1503 -64.79   0
       628       1200        759       1206        766   1202.8306    762.8061 +40.10   0
       629        780        761        786        766    782.9851    763.4070  -7.94   0
       630       1661        763       1663        765   1661.9856    764.0056 +35.23   0
       631       1593        762       1596        765   1594.6475    763.3271 +29.51   0
       632       1255        762       1258        765   1256.4019    763.6768 -53.78   0
       633        162        762        165        765    163.7220    763.7805 -62.89   0
       634       1297        761       1300        764   1298.7635    762.7597 +33.48   0
       635       1434        761       1437        763   1435.4451    761.8917 -37.98   0
       636       1764        756       1766        759   1765.4323    757.2946 -85.63   2
       637        323        755        328        760    325.7462    757.1506 +45.89   0
       638       2025        751       2030        756   2027.5834    753.6534 +29.28   0
       639        899        754        901        756    899.9897    754.9821 +35.40   0
       640        505        746        515        756    510.2630    751.2881 -56.32   0
       641       1628        753       1629        755   1628.5090    754.0009 +71.62   0
       642        446        753        449        755    447.1100    753.6371 -36.56   0
       643        370        752        373        755    371.5086    753.5032 +59.36   0
       644       1536        740       1550        753   1542.9907    746.5780 -23.18   0
       645        872        749        874        752    873.0333    750.6703 -70.70   0
       646        239        741        249        751    244.4548    745.5562 +53.00   0
       647        178        748        180        751    178.8704    749.5747 +62.60   0
       648       1758        745       1763        761   1760.7311    747.4074 -43.43   0
       649       1893        740       1903        748   1898.2184    743.7075  -2.57   0
       650        607        743        611        746    608.6369    744.3503 -40.04   0
       651        466        738        471        744    468.3876    741.3411 +40.46   0
       652       1863        741       1865        743   1864.3695    742.3058 -57.67   0
       653       1918        737       1923        741   1920.6462    739.0482  -8.58   0
       654       1792        728       1799        741   1795.7422    737.4702 +67.35   2
       655       1787        727       1795        736   1789.7620    731.6646 +52.71   2
       656        853        734        854        736    853.4991    734.9891 +70.86   0
       657        817        727        826        743    824.0748    730.1880 -65.62   0
       658       1889        728       1890        731   1889.5754    729.2886 +65.26   0
       659       1745        726       1750        729   1747.2899    727.4248 -42.09   0
       660        933        722        938        729    935.2086    725.4080 +73.90   0
       661       1823        726       1826        728   1824.7035    726.8399  -0.36   0
       662       1301        726       1304        728   1302.5083    727.0031 +10.99   0
       663        758        724        761        728    759.5382    725.8276 -63.77   0
       664       1248        721       1257        727   1252.5457    724.3036 -23.30   0
       665        305        721        309        723    306.9666    722.1335  -4.18   0
       666        655        717        661        721    657.7598    719.2187 -23.71   0
       667        593        719        595        720    594.0096    719.5035 -20.07   0
       668         70        713         78        720     73.3583    716.4213 -37.48   0
       669        862        718        865        719    863.1713    718.6719  -6.89   0
       670        836        713        843        716    838.9656    714.6661 -25.82   0
       671        385        708        394        716    388.9352    711.7733 -18.28   0
       672       1902        713       1903        715   1902.5140    714.0404 +70.41   0
       673        806        709        810        714    808.2732    710.9979 +44.40   0
       674        550        709        554        714    551.7324    711.1243 -64.28   0
       675        538        711        542        714    540.4366    712.1153 -11.94   0
       676        412        711        416        714    413.9822    712.6540  +5.44   0
       677       1638        708       1643        713   1640.4404    710.5853 -57.30   0
       678        973        700        988        713    981.7560    704.7764 -45.89   0
       679        849        708        852        712    850.2103    709.5831 -75.49   0
       680       1843        709       1845        710   1844.0104    709.4896 -19.42   0
       681       1755        705       1758        708   1756.5964    706.5500 -60.16   0
       682        857        706        859        708    857.8594    707.2870 +16.90   0
       683        761        706        763        708    762.0067    706.9673 -56.09   0
       684        347        693        363        707    355.3419    699.8558 +46.57   0
       685        907        702        908        705    907.5024    703.4976 +57.20   0
       686       1188        701       1191        704   1189.4578    702.2349 -75.19   0
       687        838        700        840        702    839.0132    701.0009 -55.82   0
       688        691        700        693        702    692.0040    700.9921 +33.40   0
       689        424        693        437        702    430.9832    697.0006  -0.72   0
       690       1625        675       1648        701   1636.3016    688.3270 +81.18   0
       691        899        696        905        701    901.8350    698.5430 +30.05   0
       692        788        699        790        701    789.1594    700.0795 -56.13   0
       693       1387        692       1396        700   1391.9182    696.1412  -5.32   0
       694       1096        695       1100        700   1098.1375    697.0795 +48.70   0
       695        861        699        864        700    862.7314    699.5742 -25.44   0
       696         82        690         88        700     85.2482    693.4179 +69.39   0
       697        831        697        833        699    832.1461    697.8018 -55.31   0
       698       1159        692       1168        698   1162.6241    694.8009 -16.62   0
       699        541        692        547        698    544.4706    694.8072 -58.97   0
       700       1701        691       1705        697   1703.0043    694.1537 +74.68   0
       701        804        687        808        695    805.8320    691.3216 +65.97   0
       702       1342        691       1344        693   1343.1793    692.2001 +39.05   0
       703        614        686        622        693    618.1862    689.3668 -24.63   0
       704        680        687        685        692    682.7856    689.9774 -50.05   0
       705       1146        687       1149        691   1147.5173    689.0496 +72.37   0
       706       1848        668       1865        686   1856.1024    677.9791 +30.68   0
       707       1265        674       1278        686   1272.0658    679.5912 -54.17   0
       708       1560        681       1562        683   1560.9890    682.0024 +34.67   0
       709        447        674        456        683    452.1051    678.8433 -72.64   0
       710        822        679        825        682    823.5474    680.6788 -69.05   0
       711       1292        674       1299        681   1296.1747    678.3592 -47.74   0
       712        857        674        867        681    862.2051    677.2909 -23.82   0
       713       1344        674       1352        680   1348.2687    677.2551  -2.32   0
       714        488        670        497        679    492.2103    674.1887 -89.62   0
       715       1546        675       1548        677   1547.0175    676.2770 -20.32   0
       716        893        673        896        676    894.4626    674.1868 -52.74   0
       717        806        665        813        676    809.1027    670.5134 +59.88   0
       718       1063        664       1073        674   1068.2723    668.3232 -58.28   0
       719        778        672        781        674    779.4341    673.3446 -14.64   0
       720        687        668        693        674    689.6914    671.3876 -55.92   0
       721        300        665        308        673    303.4539    669.5276 +84.53   2
       722        306        665        310        669    308.1798    666.8246 +73.77   2
       723        138        668        145        673    141.7376    670.8000  -8.89   0
       724       1663        660       1673        669   1668.1588    664.2012 -17.37   0
       725       1994        661       2002        668   1997.7192    664.5646 -16.34   0
       726       1419        662       1425        667   1421.7247    664.0898 -29.63   0
       727         85        663         88        666     86.1729    664.5529  +2.14   0
       728       1793        661       1797        665   1795.0546    663.4265 +18.55   0
       729       1108        657       1114        663   1110.7439    659.8574 -37.53   0
       730       1699        659       1702        662   1700.6084    660.4082 +57.31   0
       731        645        654        651        661    648.2036    657.5118 +83.94   0
       732       1485        658       1487        660   1486.1062    659.1503 -54.69   0
       733       2029        633       2048        659   2041.7102    646.2430 +72.42   8
       734        539        646        548        659    542.9446    652.8973 -84.00   0
       735         63        657         65        659     63.9912    658.2871 -23.36   0
       736        852        645        861        658    857.0488    652.1617 -82.24   0
       737        783        654        786        657    784.5071    655.4805 -20.54   0
       738       1188        653       1191        656   1189.5494    654.6678 -67.40   0
       739        938        652        941        656    939.5579    654.3034 -82.37   0
       740        992        648        995        653    993.4761    650.5511 +71.78   0
       741        428        650        431        653    429.7690    651.2194 +32.16   0
       742        791        644        800        662    795.0444    647.5931  +1.58   0
       743       1124        642       1127        644   1125.6010    643.3295 -23.84   0
       744        523        639        525        644    524.0073    641.4910 -83.66   0
       745        179        642        181        644    180.1318    643.1581 -56.83   0
       746        440        642        442        643    440.9762    642.4961 -19.36   0
       747        839        637        844        641    841.9062    639.3644 -15.53   0
       748       1729        632       1738        640   1733.6848    635.9171 -43.84   0
       749       1105        622       1122        639   1113.1471    630.9657 +44.01   2
       750       1111        601       1124        624   1115.1450    619.4886 -81.63   2
       751        549        632        556        639    552.8248    635.4096 -26.30   0
       752       1940        632       1943        633   1941.8394    632.3195  -7.29   0
       753         68        631         70        633     69.0292    632.0101 +34.97   0
       754        586        631        589        632    587.5064    631.6824 -18.91   0
       755       1991        617       2004        631   1998.4791    624.1027 -87.00   2
       756       1987        618       1993        626   1990.1384    621.8966 +60.37   2
       757       1624        628       1628        631   1625.9075    629.4728  -4.20   0
       758       1412        628       1414        631   1412.8748    629.6888 -85.77   0
       759       1946        627       1949        629   1947.3455    627.9178 -29.81   0
       760        402        628        404        629    402.9872    628.5149 -19.31   0
       761       1576        625       1579        628   1577.4938    626.4639 -57.15   0
       762        780        616        792        628    786.2518    622.2650 -30.19   0
       763       1967        622       1972        626   1969.4413    624.2220 -51.04   0
       764        433        622        438        625    435.4538    623.0960 -28.09   0
       765       1822        613       1837        624   1828.8989    618.1580  -5.51   0
       766       1209        621       1211        624   1210.0499    622.6567 +86.84   0
       767        313        610        325        621    319.0774    615.5224 -29.22   0
       768        276        616        283        621    279.4177    618.2963 -27.85   0
       769        428        616        431        619    429.6172    617.5258 +84.03   0
       770       1801        609       1810        618   1805.8339    613.8502 -44.26   0
       771        250        611        258        618    254.4708    613.8694 +21.17   0
       772       1671        613       1675        616   1673.0370    614.5865 -21.29   0
       773       1030        613       1032        616   1031.3491    614.7635 +88.44   0
       774       1011        612       1013        614   1011.8810    613.1385 +30.87   0
       775       1787        610       1791        613   1789.2264    611.1873  -4.31   0
       776       1088        606       1095        613   1091.4346    609.4678 +33.92   0
       777        567        607        571        613    569.2514    610.8698 -76.88   0
       778       1030        598       1040        610   1034.9735    603.4977 -88.77   0
       779       1159        593       1183        609   1170.4650    601.3275 +13.07   0
       780       1601        603       1605        608   1602.9083    605.3558 +61.06   0
       781       1347        605       1349        608   1347.8071    606.5137 +70.40   0
       782        585        602        587        605    586.1503    603.4286 +62.86   0
       783        223        589        252        605    233.4051    597.6516  -8.24   0
       784        546        599        549        604    547.4061    602.1312 +88.96   0
       785        563        593        571        603    566.3600    597.7129 +66.36   0
       786        415        593        423        601    419.0560    596.6481 -77.90   0
       787       1138        598       1140        600   1139.1356    598.8373 -58.14   0
       788        198        593        202        598    199.7952    595.2188 -89.40   0
       789        612        592        619        596    615.8184    593.6911 -18.25   0
       790       1265        590       1272        595   1268.6819    593.0049 -32.08   2
       791       1257        588       1264        594   1260.1997    590.9835 +30.86   2
       792       1188        594       1191        595   1189.5221    594.6752 -18.54   0
       793        693        593        695        595    694.0035    593.7002 -22.87   0
       794        372        586        384        595    377.1505    590.8189 -33.33   0
       795       1802        590       1807        594   1804.6263    592.1093  -7.55   0
       796       1155        592       1156        594   1155.4917    592.9775 +70.77   0
       797       1140        587       1146        592   1142.9022    589.3565  +9.06   0
       798        395        585        400        590    397.3175    587.7546 +33.38   0
       799        103        585        107        590    105.0632    587.7198 +87.94   0
       800        168        581        175        589    172.1186    583.9275 -54.55   0
       801       1188        580       1191        585   1189.5922    582.0729 +57.45   0
       802        870        581        875        585    872.4277    583.4628 -13.42   0
       803        588        582        591        584    589.4520    582.9664 +10.38   0
       804       1061        580       1063        583   1062.1172    581.3481 -88.01   0
       805        575        580        577        583    576.2107    581.2990 +57.79   0
       806        542        580        544        583    543.3325    581.3268 +60.96   0
       807        583        580        585        582    583.9821    580.8254 +23.85   0
       808       1863        579       1865        581   1863.7268    580.0322 +83.55   0
       809        123        576        129        581    126.0016    578.2186 +18.27   0
       810        920        574        928        580    924.1932    577.1621 +16.80   0
       811       1720        576       1722        578   1721.1080    577.1422 -54.10   0
       812       1349        572       1356        578   1352.6953    574.8244 -62.89   0
       813        452        569        459        577    455.9646    572.5064 -89.52   0
       814        909        574        913        576    910.8965    575.2056 -29.00   0
       815       1821        569       1826        575   1823.7634    571.7672 -55.46   0
       816        547        571        550        575    548.6954    572.8148 -60.82   0
       817        321        553        340        575    330.2284    562.7954 -85.75   0
       818       1701        568       1704        572   1702.5094    569.8447 +62.49   0
       819       1403        565       1409        572   1406.1071    568.0165 +54.94   0
       820       1116        560       1125        570   1120.6305    564.7602 -43.59   0
       821        523        555        541        570    532.2769    562.9105 +21.49   0
       822        599        565        602        568    600.4219    566.8154 +28.94   0
       823       1016        566       1019        567   1017.4788    566.4745 -19.45   0
       824        764        560        768        567    766.0740    563.9318 +56.62   0
       825        585        563        587        567    585.6118    564.6121 -85.39   0
       826       1862        560       1867        566   1864.8955    562.4264 +49.44   0
       827       1793        560       1799        565   1795.3518    562.7065 -19.53   0
       828       1415        560       1420        564   1417.4739    562.0342 -45.48   0
       829        170        553        187        561    174.2512    557.0368 +18.08   0
       830        510        558        512        560    510.8842    559.1251 +37.01   0
       831       1921        555       1923        559   1922.2029    557.4232 +86.49   0
       832       1464        555       1465        558   1464.5109    556.5031 +89.43   0
       833       1708        554       1710        557   1708.9778    555.4916 +71.35   0
       834        589        566        592        569    590.5206    567.2002 -47.74   0
       835       2043        545       2048        555   2046.0291    549.5640 +62.59   8
       836       1715        551       1719        555   1717.2399    552.8705 +72.34   0
       837       1189        550       1190        555   1189.5430    552.8175 +73.45   0
       838       1473        549       1480        554   1476.1707    551.3466 -29.64   0
       839        776        542        787        552    782.2616    547.2289  +6.18   0
       840        800        540        810        551    804.8554    545.3760 +38.76   0
       841        101        545        104        550    102.9139    547.6984 +75.28   2
       842        102        540        107        545    104.4982    542.2590 +55.67   2
       843       1095        542       1100        549   1097.0812    545.4659 -87.76   0
       844        748        541        751        546    749.0000    544.9846 +70.93   2
       845        988        541        990        544    988.6313    542.7800 +58.47   0
       846        521        542        524        544    522.6979    542.8689 -33.73   0
       847       1023        541       1026        543   1024.5159    541.9926 -19.77   0
       848        614        538        618        543    616.1913    539.8749 +43.36   0
       849        579        538        586        543    582.3080    540.5922 -38.63   0
       850       1824        540       1826        542   1825.1882    540.8367 -53.99   0
       851       1463        537       1470        542   1466.4204    539.7205 -20.39   0
       852        342        536        347        541    344.6459    538.9686 -61.69   0
       853        888        533        893        540    890.1594    536.0060 -87.24   0
       854       1928        530       1936        537   1931.9086    533.4874 -21.72   0
       855         75        534         77        536     75.7073    534.9866 +71.09   0
       856       1900        525       1910        535   1905.1794    529.9455 +51.04   0
       857        135        528        140        533    137.3046    530.6216 -13.66   0
       858         33        530         35        533     34.3789    531.7986 +86.44   0
       859       1014        524       1022        531   1017.3505    527.3837 +35.81   0
       860        238        522        249        530    243.9841    524.8118 -12.86   2
       861        237        512        250        523    242.8942    517.7970  +2.49   2
       862        693        525        698        529    695.5452    527.1235 -24.93   0
       863       1188        525       1190        527   1188.8623    526.1505 +36.01   0
       864        681        521        686        524    683.2421    522.5081 -19.27   0
       865        321        516        327        523    323.6699    519.7964 -84.50   0
       866       1857        516       1862        520   1859.7936    518.0549 +16.58   0
       867       1568        515       1573        520   1570.4404    517.7856 +27.84   0
       868        356        518        358        520    357.0273    518.6923 -18.37   0
       869       1496        515       1498        518   1497.0675    516.6469 +52.43   0
       870       2032        514       2034        517   2033.0707    515.3410 +60.05   0
       871       1702        514       1703        517   1702.4316    515.2897 +78.39   0
       872       1941        510       1944        514   1942.2838    511.9043 +55.99   0
       873       1130        510       1132        513   1130.7113    511.2894 -75.43   0
       874        712        509        714        511    713.1380    509.8337 -55.88   0
       875         95        504        103        511     98.7188    507.3558 +23.35   0
       876         83       1469         93       1475     88.3725   1471.7810 -14.94   0
       877        564        487        571        494    568.0361    489.8038 -55.97   2
       878        762        502        768        508    765.5975    504.0547 -57.71   0
       879         67        497         77        507     71.8782    501.1663 -44.11   0
       880       1092       1477       1097       1481   1094.2955   1478.9298 +21.12   0
       881        636        502        638        506    637.0676    504.1407 +62.82   0
       882       1194        499       1196        503   1195.2217    501.0926 +62.19   0
       883       1108       1479       1110       1482   1108.9944   1480.5089 +70.75   0
       884       1259        494       1265        502   1262.1703    498.3910 +58.35   0
       885        250        497        255        501    252.7153    498.9219 +18.72   0
       886        747        498        749        500    747.8560    499.1692 -54.56   0
       887       1173       1475       1177       1477   1174.9064   1476.1818  +3.74   0
       888        387        495        389        497    387.8361    496.1262 -57.47   0
       889       1298        494       1300        496   1298.9972    494.6977 -14.29   0
       890        673        494        675        496    674.1790    494.8257 -54.13   0
       891       1381        491       1385        495   1383.1963    492.9550 +27.67   0
       892       1720       1474       1722       1476   1720.9921   1475.2771 -17.90   0
       893       1526        485       1531        491   1528.1321    488.2234 +54.88   0
       894        402       1471        403       1474    402.3307   1472.8719 +61.58   0
       895       1541       1478       1544       1482   1542.0447   1480.1748 +60.28   0
       896       1070        483       1073        488   1071.1783    485.7392 +61.37   0
       897        351        484        356        487    353.7103    485.6568 -23.27   0
       898       1189       1483       1191       1485   1189.8345   1484.1770 -54.23   0
       899        600        482        603        484    601.4249    483.1252  +9.17   0
       900       1544       1465       1547       1466   1545.7379   1465.4399 -10.79   0
       901       2023       1422       2047       1447   2034.5697   1431.9674 +22.39   2
       902       1287       1464       1289       1468   1288.3727   1466.1509 -89.26   0
       903       1390       1464       1407       1477   1396.6680   1470.4484 +12.68   0
       904       1313       1477       1328       1484   1319.9277   1480.5884  +6.09   2
       905        794       1440        804       1444    798.8458   1442.1177 -12.76   0
       906        286       1460        290       1463    288.1748   1461.3324 -47.60   0
       907        648       1476        662       1489    655.5077   1484.1477 -78.79   8
       908       1478       1464       1480       1468   1479.2026   1465.6941 +53.97   0
       909       1110       1435       1149       1471   1130.1501   1453.6428 +23.47   0
       910       1269       1471       1272       1473   1270.5044   1471.8790 +24.65   0
       911        169       1455        171       1457    170.1332   1455.8511 +33.88   0
       912       2038       1437       2046       1447   2041.9008   1440.3782 -87.54   2
       913       1994       1460       1996       1462   1995.0756   1460.8624 +31.58   0
       914        401       1487        403       1489    402.0582   1488.0422 +32.70   8
       915       1873       1453       1880       1461   1876.9523   1457.1360 -88.78   0
       916       2007       1441       2010       1445   2008.2173   1442.9226 +57.98   0
       917        281       1455        284       1458    282.6770   1456.3741 -64.28   0
       918        339       1483        347       1489    342.6133   1485.9342 -39.16   8
       919       1796       1425       1806       1432   1801.1838   1428.7560 +10.35   0
       920       1607       1434       1614       1441   1610.1146   1437.5482 -44.83   0
       921       1511       1447       1520       1455   1515.9196   1451.0328 -19.86   0
       922        588       1483        592       1488    589.9780   1485.6292 +69.32   0
       923       1581       1448       1585       1450   1584.6632   1449.3199 +11.17   2
       924       1991       1420       1996       1423   1993.4858   1421.3870  -8.04   0
       925        179       1389        193       1401    187.3868   1395.1235 -33.89   0
       926        488       1482        492       1487    489.7469   1484.3160 -77.03   0
       927        581       1391        628       1442    603.5795   1416.2092  -1.08   2
       928         86       1429         91       1438     88.2072   1434.5217 +75.29   0
       929        783       1439        791       1442    787.6006   1440.7140 -12.94   0
       930        681       1338        687       1343    684.1809   1340.9188 -35.96   0
       931        741       1435        743       1437    741.8452   1436.1284 +34.34   0
       932        399       1389        401       1392    399.8024   1390.5271 +69.55   0
       933       1171       1399       1178       1403   1174.8469   1401.3280  -5.58   0
       934       1847       1387       1856       1397   1851.4808   1391.7441 +46.75   0
       935       1492       1402       1496       1405   1494.1643   1403.6056 -41.69   0
       936        307       1401        310       1406    308.5569   1403.5714 +83.87   0
       937        310       1480        317       1487    313.6709   1483.0310 -14.52   0
       938        276       1390        285       1401    280.4376   1395.1305 -63.31   0
       939        402       1401        404       1404    403.0556   1402.7028 +55.80   0
       940        457       1412        465       1419    460.6700   1415.2637 +41.72   0
       941        911       1359        913       1363    912.0403   1361.2698 +71.35   0
       942        351       1418        353       1419    351.9977   1418.5305 -19.01   0
       943        660       1399        673       1411    666.2638   1405.5369 -20.80   0
       944       1327       1478       1334       1481   1330.9282   1479.8474  -2.68   2
       945       1248       1390       1261       1407   1254.3754   1398.7114 +71.51   0
       946       1089       1415       1095       1421   1092.5847   1417.6686 +44.55   0
       947       1703       1412       1710       1417   1706.3180   1414.6743  -6.75   0
       948        437       1383        439       1385    438.2998   1383.8672 +47.76   0
       949        747       1400        759       1407    753.2519   1403.4288 -22.53   0
       950        803       1477        810       1484    806.4942   1480.1383 +32.04   0
       951       1655       1404       1659       1407   1656.8097   1405.3771 -41.06   0
       952        451       1466        468       1484    458.6139   1474.7924 +55.04   0
       953       1523       1405       1525       1407   1523.8146   1406.1493 -53.36   0
       954        750       1381        753       1384    751.5349   1382.5138 -56.34   0
       955        312       1379        317       1385    314.6220   1381.7283 +47.50   0
       956         67       1481         68       1484     67.4348   1482.7059 +64.61   0
       957        896       1347        902       1353    898.7056   1349.8761 +41.45   0
       958       1952       1374       1971       1391   1961.6273   1382.4633 -29.11   0
       959       1777       1386       1779       1388   1778.1588   1387.1786 +34.34   0
       960         66       1389         71       1393     68.3021   1390.9817 -17.73   0
       961        506       1371        520       1381    511.8661   1376.4634  -0.63   0
       962       2043       1369       2048       1377   2046.0443   1373.0430 +63.13   8
       963       1906       1389       1908       1390   1907.0267   1389.4941 -21.03   0
       964          9       1386         12       1389     10.4832   1387.4501 -58.95   0
       965        126       1386        130       1389    128.1256   1387.7468 -38.50   0
       966        387       1368        390       1370    388.5054   1368.9862 +10.86   0
       967         25       1376         27       1379     25.9649   1377.7882 +70.76   0
       968       1838       1382       1842       1384   1840.0308   1382.9540 -29.49   0
       969        161       1367        164       1369    162.1461   1367.9840 -21.13   0
       970       1565       1370       1568       1375   1566.4028   1372.2830 +62.84   0
       971       1248       1356       1250       1357   1248.9883   1356.4955 -18.59   0
       972       1128       1368       1131       1373   1129.8419   1370.8264 -82.12   0
       973        505       1362        509       1367    506.8959   1364.6860 +62.07   0
       974         60       1356         71       1362     64.3526   1358.9432 -30.00   0
       975        770       1342        779       1351    774.5822   1346.2860 -79.83   0
       976        706       1335        725       1347    716.2666   1341.3688 -30.83   0
       977       1977       1363       1979       1366   1978.0154   1364.4851 -79.37   0
       978        911       1347        913       1354    911.8342   1350.5853 +70.28   0
       979       1834       1368       1837       1372   1835.5913   1370.3839 +48.86   0
       980        454       1353        465       1366    458.8829   1359.5822 -65.29   0
       981        401       1364        403       1366    402.0559   1364.6770 -24.20   0
       982       1227       1347       1229       1349   1227.9562   1348.3010 -21.01   0
       983       1228       1356       1230       1359   1229.0386   1357.5529 +71.74   0
       984        741       1353        743       1355    742.1768   1354.1495 +36.66   0
       985       1837       1348       1838       1350   1837.5040   1349.0317 +72.66   0
       986        198       1360        203       1363    200.3222   1361.6104  -6.74   0
       987        752       1344        757       1349    754.2224   1346.5406 +41.56   0
       988       1531       1349       1539       1356   1535.2981   1352.2054 +17.69   0
       989       1398       1341       1401       1343   1399.8209   1342.0028 -18.55   0
       990       1623       1354       1626       1357   1624.6569   1355.3209 -63.41   0
       991       1245       1344       1247       1347   1245.9025   1345.6899 +89.05   0
       992        969       1339        973       1344    971.1821   1341.2665 +65.07   0
       993       1883       1334       1885       1338   1883.9901   1335.9860 +70.94   0
       994         14       1336         17       1339     15.4483   1337.5573 -70.58   0
       995        224       1332        229       1336    226.4727   1334.0090 +21.52   0
       996       1008       1346       1009       1348   1008.5020   1347.0219 +70.22   0
       997        651       1331        657       1339    654.6122   1335.0566 -82.40   0
       998       1839       1304       1855       1321   1847.0753   1310.5642  +6.51   0
       999       1300       1332       1306       1338   1302.9052   1335.0573 +61.41   0
      1000        279       1321        281       1323    280.0610   1322.3105 -14.77   0
      1001        322       1313        323       1315    322.4965   1314.0121 +71.54   0
      1002        297       1331        305       1335    300.2264   1332.4205 -31.31   0
      1003        343       1329        347       1332    345.2527   1330.5745 -36.51   0
      1004        831       1331        834       1333    832.5384   1331.7872 -18.30   0
      1005       1231       1295       1242       1312   1236.2222   1303.9702 -84.80   0
      1006       1383       1316       1389       1322   1385.9731   1318.9071 +42.46   0
      1007        864       1308        866       1314    865.0966   1310.8998 +60.92   0
      1008        418       1328        420       1330    418.7261   1328.9944 +69.08   0
      1009       1497       1287       1509       1298   1503.3925   1292.7833 +28.05   0
      1010       1331       1304       1337       1309   1333.1735   1306.4069  +7.56   0
      1011        664       1300        677       1309    670.6284   1304.6565  +2.15   0
      1012       1670       1309       1674       1314   1671.6897   1311.7356 +39.35   0
      1013        931       1277        935       1281    932.4922   1278.9834 +31.56   2
      1014        943       1307        955       1314    946.8322   1310.6287 -12.13   0
      1015       1948       1298       1967       1311   1957.3826   1304.4664  -9.40   0
      1016        827       1295        829       1297    827.9740   1296.2870 -24.19   0
      1017       1883       1285       1890       1292   1886.1442   1288.6165 -60.76   0
      1018        398       1023        401       1024    399.6979   1023.5653 -26.13   0
      1019       1584       1239       1586       1241   1584.7168   1240.0198 +77.28   0
      1020       1003       1017       1008       1023   1005.6914   1020.1721 -78.21   0
      1021        482       1305        485       1307    483.6425   1306.1302  +3.45   0
      1022       1522       1383       1531       1391   1526.2847   1386.6682 +29.33   0
      1023       1167       1296       1175       1303   1171.2555   1299.1688 +22.00   0
      1024       1546       1162       1556       1170   1550.9313   1166.0972 -21.88   0
      1025       1895       1019       1899       1023   1897.2119   1021.1475 +53.41   0
      1026        647       1306        649       1308    647.9763   1306.8326 -47.16   0
      1027        621       1160        623       1162    622.0010   1161.0061 +34.28   0
      1028       1551       1293       1556       1299   1553.7286   1296.0232 -66.05   0
      1029        366       1283        369       1286    367.2332   1284.4622 +76.82   0
      1030       1865       1276       1869       1280   1866.8610   1277.9559 +39.53   0
      1031       1355       1276       1367       1286   1360.9664   1280.6351 -39.92   0
      1032        820       1280        824       1283    822.0128   1281.7704 -40.22   0
      1033       1883       1186       1885       1189   1883.9248   1187.3192 +54.03   0
      1034        936       1236        939       1240    938.0173   1237.7638 +51.70   0
      1035       1292       1279       1300       1287   1296.5636   1282.8428 +38.25   0
      1036        689       1249        692       1252    690.5988   1250.6465 -25.40   0
      1037       1842       1282       1846       1286   1843.7667   1283.8334 +48.51   0
      1038       1742       1228       1758       1237   1749.9214   1232.7522 -31.42   0
      1039       1930       1247       1936       1251   1933.0647   1248.8704 -36.99   0
      1040         47       1234         50       1237     48.4924   1235.5026 -55.97   0
      1041       1774       1270       1779       1276   1777.4387   1273.0590 +79.59   2
      1042        929       1269        937       1276    934.0022   1270.9917 -62.50   2
      1043        688       1268        690       1270    689.1793   1269.1583 +32.41   0
      1044       1856       1259       1862       1264   1858.8796   1261.5183 -12.76   0
      1045       1674       1249       1689       1263   1682.1895   1256.3278 -79.37   0
      1046       1983       1255       1985       1257   1983.8890   1256.1271 +32.76   0
      1047        360       1276        362       1279    361.1173   1277.5325 -65.51   0
      1048        594       1217        635       1265    611.5858   1242.4821 +86.60   0
      1049       1642       1244       1646       1249   1644.2461   1246.1012 +72.10   0
      1050       1773       1263       1783       1270   1777.8459   1266.2557  -7.57   2
      1051        403       1234        405       1236    404.0055   1234.8385 +22.41   0
      1052       1875       1258       1881       1266   1877.8064   1262.1274 +74.72   0
      1053       1392       1256       1398       1260   1395.3153   1258.0508 -29.50   0
      1054       1599       1246       1607       1251   1602.7366   1248.3336 +18.54   0
      1055        256       1196        260       1200    257.7261   1197.7600 -66.00   0
      1056        891       1256        898       1263    894.7968   1259.2922 -54.94   0
      1057       1850       1263       1852       1264   1850.9940   1263.4968 -19.42   0
      1058       1129       1251       1131       1252   1129.9908   1251.4965 -19.66   0
      1059        728       1252        731       1255    729.4527   1253.7051 -24.49   0
      1060        658       1251        660       1253    659.1661   1251.8575 -55.88   0
      1061       1420       1244       1431       1255   1425.0975   1250.2150 +85.35   0
      1062       2036       1250       2047       1258   2042.3146   1254.4163  -1.35   0
      1063        517       1232        522       1234    519.6336   1232.8018 -15.89   0
      1064       1432       1242       1436       1247   1433.5234   1244.7161 +49.75   0
      1065       1989       1235       1997       1241   1994.0072   1238.0232  -9.42   2
      1066        627       1222        630       1224    628.7930   1222.6094 -12.38   2
      1067       1961       1212       1989       1235   1971.4087   1223.7797 +89.09   0
      1068        593       1213        595       1216    593.8537   1214.6807 +89.78   0
      1069       1050       1110       1051       1112   1050.4907   1111.0050 +68.67   0
      1070       1859       1107       1862       1110   1860.5825   1108.2036 +29.44   0
      1071        145       1076        147       1077    146.0141   1076.4924 -17.05   0
      1072        116       1226        123       1233    119.1326   1229.0121 +41.70   0
      1073        764       1252        770       1258    766.9211   1254.5079  -0.51   0
      1074        243       1219        251       1226    246.7857   1222.0961  +1.84   0
      1075        684       1208        687       1210    685.4922   1209.0271 -38.44   0
      1076       1651       1223       1653       1224   1651.9905   1223.5011 -18.61   0
      1077        285       1206        288       1211    286.4253   1208.4231 +58.07   0
      1078       1885       1211       1887       1213   1886.2925   1212.1621 -75.78   0
      1079        903       1067        908       1076    905.2622   1071.8306 +86.11   0
      1080       1187       1197       1189       1199   1187.8586   1198.1377 +34.41   0
      1081        844       1214        849       1219    846.6274   1216.7368 +13.12   0
      1082        748       1193        757       1206    752.1115   1197.5453 +40.67   0
      1083        760       1181        763       1184    761.7600   1182.4050 -72.95   0
      1084        239       1068        244       1075    241.4024   1071.5001 +61.55   0
      1085        633       1215        642       1223    636.2957   1218.4677 +22.99   0
      1086       1433       1175       1475       1222   1454.0417   1200.7439  +9.49   0
      1087       1143       1193       1151       1201   1147.0039   1197.0968 +53.36   0
      1088        938       1202        945       1207    941.5811   1204.4662 -18.40   2
      1089        349       1211        351       1213    350.2829   1212.0059 +69.28   0
      1090        506       1198        509       1201    507.5084   1199.4943 +20.65   0
      1091       1620       1072       1623       1074   1620.9752   1073.0242 -35.74   0
      1092         61       1293         69       1297     64.3599   1295.0613 -25.39   0
      1093       1791       1205       1792       1207   1791.5083   1206.0138 +71.58   0
      1094       1898       1196       1902       1201   1899.8976   1198.7914 +75.94   0
      1095        689       1200        693       1204    690.7499   1202.3645 -34.45   2
      1096        693       1193        700       1201    696.3730   1197.3937 -58.36   2
      1097       1325       1195       1334       1204   1329.8005   1199.2393  -5.43   0
      1098        720       1056        722       1059    720.8743   1057.3203 +55.77   0
      1099       1641       1187       1648       1190   1644.2762   1188.7170  -3.19   0
      1100       1245       1199       1249       1202   1246.8807   1200.4812 -43.93   0
      1101       1478       1025       1480       1027   1479.1140   1026.1261 -55.76   0
      1102        593       1187        596       1191    594.5363   1188.6642 +47.62   0
      1103        341       1203        343       1205    342.1363   1203.8259 +31.85   0
      1104       1479       1192       1483       1198   1481.4287   1195.5973 -80.41   0
      1105       1287       1190       1293       1197   1289.3635   1193.6052 +52.15   0
      1106       1068       1172       1076       1181   1071.6669   1176.7111 +78.16   0
      1107        267       1181        276       1186    271.4719   1183.9668 -23.92   0
      1108       1842       1182       1850       1192   1846.3160   1187.0862 -75.10   2
      1109         48       1197         51       1199     49.0875   1197.7994 -41.80   0
      1110       1920       1188       1927       1194   1923.6636   1191.0477 -35.54   0
      1111       1838       1190       1843       1196   1840.6338   1193.4373 +48.42   2
      1112        298       1187        302       1190    299.5150   1188.4498 -37.66   0
      1113       2003       1188       2008       1194   2005.5002   1191.0186 +44.16   0
      1114        891       1184        899       1192    894.5228   1188.4756 +47.11   0
      1115         38       1188         42       1193     39.6652   1190.3042 +56.82   0
      1116        421       1173        429       1181    425.0449   1176.9865 -81.76   0
      1117       1819       1174       1834       1188   1827.1566   1180.5153 -14.95   0
      1118       1868       1165       1871       1167   1869.2660   1165.8726 -32.50   0
      1119        611       1164        614       1167    612.7106   1165.3979 -63.93   0
      1120        135       1176        144       1180    138.4985   1178.0256 -23.36   0
      1121        908       1118        918       1129    915.0346   1123.8470 -83.63   0
      1122       1794       1145       1797       1148   1795.2878   1146.7522 -34.91   0
      1123         52       1180         60       1188     55.8341   1183.4353 +44.90   0
      1124       1302       1180       1306       1182   1304.4675   1180.9392 -12.58   0
      1125        139       1053        145       1059    141.4270   1056.2208 -87.39   0
      1126       1417       1149       1419       1151   1417.8226   1149.8153 +35.24   0
      1127       1170       1124       1173       1129   1171.7440   1126.5659 +65.95   0
      1128       1513       1099       1521       1112   1517.8108   1106.2963 +75.68   0
      1129        925       1165        932       1171    928.3865   1167.9998 -44.05   0
      1130        126       1154        128       1156    127.2965   1155.0507 +65.88   0
      1131       1904       1120       1908       1123   1906.6565   1121.9062 -28.25   2
      1132       1091       1182       1094       1185   1092.3348   1183.5492 -58.85   0
      1133       2002       1145       2012       1158   2006.7123   1150.5288 +61.70   0
      1134        869       1178        872       1180    870.5623   1178.7170 +16.87   0
      1135       1639       1050       1649       1058   1644.4159   1053.7738 -42.42   0
      1136       1456       1169       1459       1173   1457.2263   1170.9211 -78.74   0
      1137       1034       1142       1047       1148   1038.4418   1144.6677 -16.00   0
      1138       1268       1147       1272       1150   1270.1636   1148.6279 -40.87   0
      1139       1231       1161       1234       1163   1232.4294   1161.6407 -23.10   0
      1140        617       1170        619       1172    617.8369   1171.1840 -57.31   0
      1141       1186       1172       1191       1177   1188.5233   1174.7625 +24.68   0
      1142       1894       1119       1901       1126   1897.3477   1122.3252 +55.86   0
      1143       1723       1144       1731       1150   1727.2314   1147.1023 -24.51   0
      1144        418       1164        423       1168    420.4929   1165.6604 -17.10   0
      1145        558       1145        580       1158    567.8500   1152.4263  -4.15   0
      1146        362       1166        366       1172    364.3185   1168.3080 +70.25   0
      1147       1690       1147       1696       1152   1692.6708   1149.0446 -34.12   0
      1148       1840       1171       1846       1174   1843.7671   1173.0563 -28.32   0
      1149        693       1156        697       1159    694.9992   1157.3831 +12.63   0
      1150       1987       1159       1993       1169   1990.1792   1163.9696 +62.93   0
      1151        185       1150        188       1153    186.5151   1151.4945 +33.26   2
      1152        789       1157        792       1159    790.3281   1157.8217 -24.34   0
      1153       1523       1157       1527       1159   1525.2963   1158.2607 -27.59   0
      1154        667       1154        674       1163    670.5780   1158.4287 +50.45   0
      1155       1619       1056       1622       1058   1620.4919   1056.8003 -17.78   0
      1156        379       1150        382       1153    380.4145   1151.8679  -3.30   0
      1157       1795       1156       1799       1160   1797.2428   1158.0378 +43.55   0
      1158       1279       1141       1283       1145   1280.9771   1143.0699 -40.86   0
      1159        180       1148        185       1153    181.6324   1151.7112 -52.96   2
      1160       1805       1145       1808       1148   1806.2151   1146.6791 +44.26   0
      1161       1657       1145       1662       1151   1658.8931   1147.7080 +86.08   0
      1162       1925       1145       1932       1152   1928.3356   1148.4894 +56.35   0
      1163       1421       1127       1426       1133   1423.3999   1130.0491 -79.49   0
      1164        632       1139        657       1153    648.6515   1146.7679 -27.24   2
      1165        810       1130        826       1145    818.9519   1137.3517 +48.73   0
      1166       1900       1110       1912       1119   1904.2222   1113.5092 +23.81   2
      1167       1448       1140       1453       1142   1450.3746   1141.1869  +1.73   0
      1168       2036       1181       2038       1184   2036.9058   1182.6522 -84.99   0
      1169        656       1139        664       1148    660.2247   1143.1830 +65.16   2
      1170       1851       1055       1854       1057   1852.4740   1055.9846 +10.36   0
      1171       1814       1129       1816       1131   1814.8264   1130.1796 -54.32   0
      1172       1345       1116       1351       1123   1347.7833   1119.7153 +58.56   0
      1173       1051       1129       1054       1136   1052.2805   1131.8949 -89.58   0
      1174        430       1136        432       1138    430.8806   1136.8551 -54.04   0
      1175        560       1133        564       1138    562.2379   1135.3733 +61.60   0
      1176       1498       1125       1502       1128   1499.6068   1126.5060 -42.74   0
      1177       1760       1108       1768       1116   1764.3407   1111.8967 -59.33   0
      1178       1194       1124       1200       1131   1196.6929   1127.8690 +50.78   0
      1179          1       1122          5       1129      2.6998   1125.2065 +68.41   8
      1180       1755       1121       1761       1127   1757.9138   1123.9658 +85.92   0
      1181        831       1115        834       1117    832.4927   1115.7756 -19.35   0
      1182       1781       1117       1787       1123   1784.2302   1120.2145 +31.75   0
      1183        684       1115        697       1127    690.6501   1121.1067 +12.39   2
      1184        682       1105        690       1115    686.5278   1109.2848 +69.03   2
      1185       1073       1105       1076       1109   1074.4379   1106.6426 +87.89   0
      1186        794       1048        804       1057    798.6790   1052.8170 +21.91   0
      1187       1134       1097       1143       1105   1137.9800   1100.8776  +9.37   0
      1188       1773       1114       1776       1119   1774.4139   1116.2235 -82.53   0
      1189       1578       1115       1581       1117   1579.3260   1115.8896  +3.03   0
      1190       1719       1109       1724       1112   1722.0531   1110.4233 -26.97   0
      1191        120       1066        132       1082    125.5475   1074.1426 +58.02   0
      1192        449       1118        451       1121    450.3124   1119.5625 -72.57   0
      1193       1629       1074       1633       1078   1630.9064   1076.2875 +59.08   0
      1194        902       1104        904       1107    903.1410   1105.6890 +54.82   0
      1195        194       1103        196       1105    195.2203   1103.7845 -58.47   0
      1196       1757       1072       1766       1080   1760.1312   1075.8455 +33.70   0
      1197       1313       1106       1318       1111   1315.6581   1108.2423 +36.78   0
      1198        912       1087        917       1091    914.8710   1088.9053  +9.48   0
      1199       1496       1076       1498       1079   1497.2852   1077.6077 -74.18   0
      1200        172       1076        173       1078    172.5245   1077.0194 +71.44   0
      1201       1735       1074       1743       1083   1739.5043   1079.3237 +65.63   0
      1202       1820       1088       1825       1093   1821.8398   1090.1802 -54.45   2
      1203       1887       1052       1892       1056   1889.6315   1053.4625  +3.74   0
      1204        402       1080        404       1082    403.1006   1081.1357 -55.28   0
      1205        554       1100        555       1102    554.5050   1101.0238 +70.46   0
      1206        485       1082        488       1085    486.7162   1083.2372 -34.25   0
      1207       1813       1086       1822       1097   1816.3702   1089.8647 +45.08   2
      1208       1782       1069       1793       1082   1785.9182   1075.8414 +65.08   0
      1209       1115       1097       1118       1098   1116.4910   1097.4987 -32.66   0
      1210        323       1079        328       1086    324.8012   1081.9700 +50.99   0
      1211        897       1086        901       1093    899.3408   1089.1855 +58.86   0
      1212       1442       1096       1447       1098   1444.0171   1097.0963 -13.00   0
      1213        333       1091        338       1093    335.3232   1091.9506 -23.19   0
      1214       1317       1084       1321       1089   1319.3748   1086.1997 +45.61   0
      1215        877       1085        879       1087    877.8273   1086.2000 -57.78   0
      1216       2044       1073       2047       1075   2045.3610   1073.7526 -32.69   0
      1217        906       1057        909       1064    907.1071   1060.4193 +81.12   2
      1218       1855       1065       1858       1068   1856.4747   1066.4773 +34.58   0
      1219       1760       1086       1764       1088   1761.9880   1086.9980 -30.12   0
      1220         72       1076         79       1083     75.3282   1079.4696 -70.44   0
      1221        443       1079        449       1086    446.0382   1082.8035 +79.38   0
      1222       1679       1074       1682       1079   1680.3406   1076.9105 +69.18   0
      1223       1687       1048       1695       1056   1690.8007   1051.6162 -71.31   2
      1224       1128       1016       1135       1019   1131.8387   1017.3003  -9.01   0
      1225       1695       1048       1700       1054   1697.4897   1050.7294 +83.21   2
      1226        647       1069        650       1071    648.4404   1069.6964 -43.90   0
      1227       1581       1049       1586       1056   1583.8324   1053.1440 +62.15   0
      1228        904       1050        910       1056    907.0878   1053.1687 +38.98   2
      1229       1762       1050       1765       1053   1763.4845   1051.3961 +32.78   0
      1230        422       1060        427       1064    424.5905   1062.4824 -23.16   0
      1231       1552       1054       1554       1056   1553.0013   1055.0262 +34.79   0
      1232        862       1271        867       1275    864.6088   1272.8923 -26.59   0
      1233       1764       1021       1777       1037   1768.9904   1029.2495 +71.48   2
      1234        902       1053        905       1058    902.9028   1055.8921 -76.69   2
      1235        649       1237        657       1250    652.5732   1244.6516 +58.95   0
      1236        465       1046        468       1050    466.0846   1048.3446 +55.41   0
      1237         83       1297         85       1298     83.9887   1297.4790 -18.14   0
      1238       1806       1040       1809       1044   1807.8159   1041.9530 -72.99   0
      1239       1865       1053       1868       1057   1866.5242   1054.9674 +70.42   0
      1240       1541       1034       1547       1039   1544.2635   1036.4369 -34.20   0
      1241        441       1032        448       1039    444.6694   1035.6294 +52.97   0
      1242       1649       1038       1655       1042   1651.5031   1039.9666 -22.47   0
      1243       1374       1245       1378       1248   1376.1549   1246.4741 +13.97   0
      1244       1972       1241       1975       1246   1973.7477   1243.4689 -87.81   0
      1245       1499       1031       1505       1038   1502.1001   1034.6036 +69.46   0
      1246       1589       1036       1594       1040   1591.3246   1037.9325  +8.68   0
      1247       1307       1043       1312       1047   1309.9166   1045.1647 -47.71   0
      1248        902       1034        909       1040    906.2004   1035.7659 +26.23   0
      1249        674       1040        679       1045    676.1697   1042.4609  +4.19   0
      1250       1771       1034       1777       1040   1773.1246   1036.1869 +39.83   2
      1251       1506       1037       1514       1042   1509.8868   1039.6128 -14.00   0
      1252       1865       1242       1867       1245   1866.0005   1243.7972 +69.00   0
      1253        443       1010        463       1031    453.2418   1020.3759 +54.81   0
      1254       1401       1032       1413       1038   1408.1121   1035.2565 -30.55   0
      1255        492       1032        500       1040    496.0100   1036.0560 -48.26   0
      1256        394       1029        401       1036    397.6231   1032.4696 +35.32   0
      1257        710       1012        717       1019    713.6022   1015.5975 +36.61   0
      1258       1339       1029       1341       1031   1340.0419   1030.2877 -13.18   0
      1259        212       1017        231       1034    220.4031   1026.7673 +38.06   0
      1260       1911       1027       1914       1030   1912.5057   1028.4680 -52.44   0
      1261        639       1027        645       1034    642.1553   1030.5538 +35.22   0
      1262       1190       1020       1197       1029   1193.8541   1024.6881 -68.16   0
      1263        878       1019        888       1029    882.2392   1023.5033 -63.86   0
      1264        954       1016        962       1030    957.7020   1021.8705 +49.94   2
      1265       1417       1014       1419       1017   1418.0980   1015.6760 +54.60   0
      1266       1484       1025       1487       1028   1485.1761   1026.4143 -89.29   0
      1267         30       1040         38       1048     34.1819   1043.7386 +71.08   0
      1268        493       1012        509       1024    500.5648   1018.4813 -18.42   0
      1269       1746        999       1759       1016   1752.4264   1007.2404 +56.14   0
      1270        915       1011        919       1016    917.1268   1013.8903 +42.56   0
      1271       1629       1009       1632       1015   1630.5197   1012.9752 +81.64   0
      1272         29       1017         42       1029     35.6487   1022.3739 -37.61   0
      1273        596       1012        600       1015    597.8566   1013.4894  -1.38   0
      1274         24       1026         27       1029     25.9057   1027.6838 -70.12   0
      1275       1774       1242       1777       1245   1775.3402   1243.3940 +29.78   0
      1276        782       1006        790       1014    786.5646   1010.1669 -52.00   0
      1277       1414       1005       1420       1012   1417.3169   1008.4508 +63.79   0
      1278        502       1004        510       1011    505.8142   1007.7747 -10.48   0
      1279        489       1008        492       1010    490.5414   1008.7816 -19.16   0
      1280        434       1009        437       1010    435.4923   1009.6816 -18.99   0
      1281        437       1001        446       1008    441.1352   1004.8008  +6.99   0
      1282       1863       1004       1865       1006   1863.9937   1005.0262 -48.24   0
      1283       1722        999       1729       1006   1726.0458   1002.6205 +18.75   2
      1284       1699        982       1721       1005   1708.0355    993.6251 +35.18   2
